content_id,author_id,scene,title
900001,10001,ARTICLE,bench_article_900001
900002,10002,ARTICLE,bench_article_900002
900003,10003,ARTICLE,bench_article_900003
900004,10004,ARTICLE,bench_article_900004
900005,10005,ARTICLE,bench_article_900005
900006,10006,ARTICLE,bench_article_900006
900007,10007,ARTICLE,bench_article_900007
900008,10008,ARTICLE,bench_article_900008
900009,10009,ARTICLE,bench_article_900009
900010,10010,VIDEO,bench_video_900010
900011,10011,ARTICLE,bench_article_900011
900012,10012,ARTICLE,bench_article_900012
900013,10013,ARTICLE,bench_article_900013
900014,10014,ARTICLE,bench_article_900014
900015,10015,ARTICLE,bench_article_900015
900016,10016,ARTICLE,bench_article_900016
900017,10017,ARTICLE,bench_article_900017
900018,10018,ARTICLE,bench_article_900018
900019,10019,ARTICLE,bench_article_900019
900020,10020,VIDEO,bench_video_900020
900021,10021,ARTICLE,bench_article_900021
900022,10022,ARTICLE,bench_article_900022
900023,10023,ARTICLE,bench_article_900023
900024,10024,ARTICLE,bench_article_900024
900025,10025,ARTICLE,bench_article_900025
900026,10026,ARTICLE,bench_article_900026
900027,10027,ARTICLE,bench_article_900027
900028,10028,ARTICLE,bench_article_900028
900029,10029,ARTICLE,bench_article_900029
900030,10030,VIDEO,bench_video_900030
900031,10031,ARTICLE,bench_article_900031
900032,10032,ARTICLE,bench_article_900032
900033,10033,ARTICLE,bench_article_900033
900034,10034,ARTICLE,bench_article_900034
900035,10035,ARTICLE,bench_article_900035
900036,10036,ARTICLE,bench_article_900036
900037,10037,ARTICLE,bench_article_900037
900038,10038,ARTICLE,bench_article_900038
900039,10039,ARTICLE,bench_article_900039
900040,10040,VIDEO,bench_video_900040
900041,10041,ARTICLE,bench_article_900041
900042,10042,ARTICLE,bench_article_900042
900043,10043,ARTICLE,bench_article_900043
900044,10044,ARTICLE,bench_article_900044
900045,10045,ARTICLE,bench_article_900045
900046,10046,ARTICLE,bench_article_900046
900047,10047,ARTICLE,bench_article_900047
900048,10048,ARTICLE,bench_article_900048
900049,10049,ARTICLE,bench_article_900049
900050,10050,VIDEO,bench_video_900050
900051,10051,ARTICLE,bench_article_900051
900052,10052,ARTICLE,bench_article_900052
900053,10053,ARTICLE,bench_article_900053
900054,10054,ARTICLE,bench_article_900054
900055,10055,ARTICLE,bench_article_900055
900056,10056,ARTICLE,bench_article_900056
900057,10057,ARTICLE,bench_article_900057
900058,10058,ARTICLE,bench_article_900058
900059,10059,ARTICLE,bench_article_900059
900060,10060,VIDEO,bench_video_900060
900061,10061,ARTICLE,bench_article_900061
900062,10062,ARTICLE,bench_article_900062
900063,10063,ARTICLE,bench_article_900063
900064,10064,ARTICLE,bench_article_900064
900065,10065,ARTICLE,bench_article_900065
900066,10066,ARTICLE,bench_article_900066
900067,10067,ARTICLE,bench_article_900067
900068,10068,ARTICLE,bench_article_900068
900069,10069,ARTICLE,bench_article_900069
900070,10070,VIDEO,bench_video_900070
900071,10071,ARTICLE,bench_article_900071
900072,10072,ARTICLE,bench_article_900072
900073,10073,ARTICLE,bench_article_900073
900074,10074,ARTICLE,bench_article_900074
900075,10075,ARTICLE,bench_article_900075
900076,10076,ARTICLE,bench_article_900076
900077,10077,ARTICLE,bench_article_900077
900078,10078,ARTICLE,bench_article_900078
900079,10079,ARTICLE,bench_article_900079
900080,10080,VIDEO,bench_video_900080
900081,10081,ARTICLE,bench_article_900081
900082,10082,ARTICLE,bench_article_900082
900083,10083,ARTICLE,bench_article_900083
900084,10084,ARTICLE,bench_article_900084
900085,10085,ARTICLE,bench_article_900085
900086,10086,ARTICLE,bench_article_900086
900087,10087,ARTICLE,bench_article_900087
900088,10088,ARTICLE,bench_article_900088
900089,10089,ARTICLE,bench_article_900089
900090,10090,VIDEO,bench_video_900090
900091,10091,ARTICLE,bench_article_900091
900092,10092,ARTICLE,bench_article_900092
900093,10093,ARTICLE,bench_article_900093
900094,10094,ARTICLE,bench_article_900094
900095,10095,ARTICLE,bench_article_900095
900096,10096,ARTICLE,bench_article_900096
900097,10097,ARTICLE,bench_article_900097
900098,10098,ARTICLE,bench_article_900098
900099,10099,ARTICLE,bench_article_900099
900100,10100,VIDEO,bench_video_900100
900101,10001,ARTICLE,bench_article_900101
900102,10002,ARTICLE,bench_article_900102
900103,10003,ARTICLE,bench_article_900103
900104,10004,ARTICLE,bench_article_900104
900105,10005,ARTICLE,bench_article_900105
900106,10006,ARTICLE,bench_article_900106
900107,10007,ARTICLE,bench_article_900107
900108,10008,ARTICLE,bench_article_900108
900109,10009,ARTICLE,bench_article_900109
900110,10010,VIDEO,bench_video_900110
900111,10011,ARTICLE,bench_article_900111
900112,10012,ARTICLE,bench_article_900112
900113,10013,ARTICLE,bench_article_900113
900114,10014,ARTICLE,bench_article_900114
900115,10015,ARTICLE,bench_article_900115
900116,10016,ARTICLE,bench_article_900116
900117,10017,ARTICLE,bench_article_900117
900118,10018,ARTICLE,bench_article_900118
900119,10019,ARTICLE,bench_article_900119
900120,10020,VIDEO,bench_video_900120
900121,10021,ARTICLE,bench_article_900121
900122,10022,ARTICLE,bench_article_900122
900123,10023,ARTICLE,bench_article_900123
900124,10024,ARTICLE,bench_article_900124
900125,10025,ARTICLE,bench_article_900125
900126,10026,ARTICLE,bench_article_900126
900127,10027,ARTICLE,bench_article_900127
900128,10028,ARTICLE,bench_article_900128
900129,10029,ARTICLE,bench_article_900129
900130,10030,VIDEO,bench_video_900130
900131,10031,ARTICLE,bench_article_900131
900132,10032,ARTICLE,bench_article_900132
900133,10033,ARTICLE,bench_article_900133
900134,10034,ARTICLE,bench_article_900134
900135,10035,ARTICLE,bench_article_900135
900136,10036,ARTICLE,bench_article_900136
900137,10037,ARTICLE,bench_article_900137
900138,10038,ARTICLE,bench_article_900138
900139,10039,ARTICLE,bench_article_900139
900140,10040,VIDEO,bench_video_900140
900141,10041,ARTICLE,bench_article_900141
900142,10042,ARTICLE,bench_article_900142
900143,10043,ARTICLE,bench_article_900143
900144,10044,ARTICLE,bench_article_900144
900145,10045,ARTICLE,bench_article_900145
900146,10046,ARTICLE,bench_article_900146
900147,10047,ARTICLE,bench_article_900147
900148,10048,ARTICLE,bench_article_900148
900149,10049,ARTICLE,bench_article_900149
900150,10050,VIDEO,bench_video_900150
900151,10051,ARTICLE,bench_article_900151
900152,10052,ARTICLE,bench_article_900152
900153,10053,ARTICLE,bench_article_900153
900154,10054,ARTICLE,bench_article_900154
900155,10055,ARTICLE,bench_article_900155
900156,10056,ARTICLE,bench_article_900156
900157,10057,ARTICLE,bench_article_900157
900158,10058,ARTICLE,bench_article_900158
900159,10059,ARTICLE,bench_article_900159
900160,10060,VIDEO,bench_video_900160
900161,10061,ARTICLE,bench_article_900161
900162,10062,ARTICLE,bench_article_900162
900163,10063,ARTICLE,bench_article_900163
900164,10064,ARTICLE,bench_article_900164
900165,10065,ARTICLE,bench_article_900165
900166,10066,ARTICLE,bench_article_900166
900167,10067,ARTICLE,bench_article_900167
900168,10068,ARTICLE,bench_article_900168
900169,10069,ARTICLE,bench_article_900169
900170,10070,VIDEO,bench_video_900170
900171,10071,ARTICLE,bench_article_900171
900172,10072,ARTICLE,bench_article_900172
900173,10073,ARTICLE,bench_article_900173
900174,10074,ARTICLE,bench_article_900174
900175,10075,ARTICLE,bench_article_900175
900176,10076,ARTICLE,bench_article_900176
900177,10077,ARTICLE,bench_article_900177
900178,10078,ARTICLE,bench_article_900178
900179,10079,ARTICLE,bench_article_900179
900180,10080,VIDEO,bench_video_900180
900181,10081,ARTICLE,bench_article_900181
900182,10082,ARTICLE,bench_article_900182
900183,10083,ARTICLE,bench_article_900183
900184,10084,ARTICLE,bench_article_900184
900185,10085,ARTICLE,bench_article_900185
900186,10086,ARTICLE,bench_article_900186
900187,10087,ARTICLE,bench_article_900187
900188,10088,ARTICLE,bench_article_900188
900189,10089,ARTICLE,bench_article_900189
900190,10090,VIDEO,bench_video_900190
900191,10091,ARTICLE,bench_article_900191
900192,10092,ARTICLE,bench_article_900192
900193,10093,ARTICLE,bench_article_900193
900194,10094,ARTICLE,bench_article_900194
900195,10095,ARTICLE,bench_article_900195
900196,10096,ARTICLE,bench_article_900196
900197,10097,ARTICLE,bench_article_900197
900198,10098,ARTICLE,bench_article_900198
900199,10099,ARTICLE,bench_article_900199
900200,10100,VIDEO,bench_video_900200
900201,10001,ARTICLE,bench_article_900201
900202,10002,ARTICLE,bench_article_900202
900203,10003,ARTICLE,bench_article_900203
900204,10004,ARTICLE,bench_article_900204
900205,10005,ARTICLE,bench_article_900205
900206,10006,ARTICLE,bench_article_900206
900207,10007,ARTICLE,bench_article_900207
900208,10008,ARTICLE,bench_article_900208
900209,10009,ARTICLE,bench_article_900209
900210,10010,VIDEO,bench_video_900210
900211,10011,ARTICLE,bench_article_900211
900212,10012,ARTICLE,bench_article_900212
900213,10013,ARTICLE,bench_article_900213
900214,10014,ARTICLE,bench_article_900214
900215,10015,ARTICLE,bench_article_900215
900216,10016,ARTICLE,bench_article_900216
900217,10017,ARTICLE,bench_article_900217
900218,10018,ARTICLE,bench_article_900218
900219,10019,ARTICLE,bench_article_900219
900220,10020,VIDEO,bench_video_900220
900221,10021,ARTICLE,bench_article_900221
900222,10022,ARTICLE,bench_article_900222
900223,10023,ARTICLE,bench_article_900223
900224,10024,ARTICLE,bench_article_900224
900225,10025,ARTICLE,bench_article_900225
900226,10026,ARTICLE,bench_article_900226
900227,10027,ARTICLE,bench_article_900227
900228,10028,ARTICLE,bench_article_900228
900229,10029,ARTICLE,bench_article_900229
900230,10030,VIDEO,bench_video_900230
900231,10031,ARTICLE,bench_article_900231
900232,10032,ARTICLE,bench_article_900232
900233,10033,ARTICLE,bench_article_900233
900234,10034,ARTICLE,bench_article_900234
900235,10035,ARTICLE,bench_article_900235
900236,10036,ARTICLE,bench_article_900236
900237,10037,ARTICLE,bench_article_900237
900238,10038,ARTICLE,bench_article_900238
900239,10039,ARTICLE,bench_article_900239
900240,10040,VIDEO,bench_video_900240
900241,10041,ARTICLE,bench_article_900241
900242,10042,ARTICLE,bench_article_900242
900243,10043,ARTICLE,bench_article_900243
900244,10044,ARTICLE,bench_article_900244
900245,10045,ARTICLE,bench_article_900245
900246,10046,ARTICLE,bench_article_900246
900247,10047,ARTICLE,bench_article_900247
900248,10048,ARTICLE,bench_article_900248
900249,10049,ARTICLE,bench_article_900249
900250,10050,VIDEO,bench_video_900250
900251,10051,ARTICLE,bench_article_900251
900252,10052,ARTICLE,bench_article_900252
900253,10053,ARTICLE,bench_article_900253
900254,10054,ARTICLE,bench_article_900254
900255,10055,ARTICLE,bench_article_900255
900256,10056,ARTICLE,bench_article_900256
900257,10057,ARTICLE,bench_article_900257
900258,10058,ARTICLE,bench_article_900258
900259,10059,ARTICLE,bench_article_900259
900260,10060,VIDEO,bench_video_900260
900261,10061,ARTICLE,bench_article_900261
900262,10062,ARTICLE,bench_article_900262
900263,10063,ARTICLE,bench_article_900263
900264,10064,ARTICLE,bench_article_900264
900265,10065,ARTICLE,bench_article_900265
900266,10066,ARTICLE,bench_article_900266
900267,10067,ARTICLE,bench_article_900267
900268,10068,ARTICLE,bench_article_900268
900269,10069,ARTICLE,bench_article_900269
900270,10070,VIDEO,bench_video_900270
900271,10071,ARTICLE,bench_article_900271
900272,10072,ARTICLE,bench_article_900272
900273,10073,ARTICLE,bench_article_900273
900274,10074,ARTICLE,bench_article_900274
900275,10075,ARTICLE,bench_article_900275
900276,10076,ARTICLE,bench_article_900276
900277,10077,ARTICLE,bench_article_900277
900278,10078,ARTICLE,bench_article_900278
900279,10079,ARTICLE,bench_article_900279
900280,10080,VIDEO,bench_video_900280
900281,10081,ARTICLE,bench_article_900281
900282,10082,ARTICLE,bench_article_900282
900283,10083,ARTICLE,bench_article_900283
900284,10084,ARTICLE,bench_article_900284
900285,10085,ARTICLE,bench_article_900285
900286,10086,ARTICLE,bench_article_900286
900287,10087,ARTICLE,bench_article_900287
900288,10088,ARTICLE,bench_article_900288
900289,10089,ARTICLE,bench_article_900289
900290,10090,VIDEO,bench_video_900290
900291,10091,ARTICLE,bench_article_900291
900292,10092,ARTICLE,bench_article_900292
900293,10093,ARTICLE,bench_article_900293
900294,10094,ARTICLE,bench_article_900294
900295,10095,ARTICLE,bench_article_900295
900296,10096,ARTICLE,bench_article_900296
900297,10097,ARTICLE,bench_article_900297
900298,10098,ARTICLE,bench_article_900298
900299,10099,ARTICLE,bench_article_900299
900300,10100,VIDEO,bench_video_900300
900301,10001,ARTICLE,bench_article_900301
900302,10002,ARTICLE,bench_article_900302
900303,10003,ARTICLE,bench_article_900303
900304,10004,ARTICLE,bench_article_900304
900305,10005,ARTICLE,bench_article_900305
900306,10006,ARTICLE,bench_article_900306
900307,10007,ARTICLE,bench_article_900307
900308,10008,ARTICLE,bench_article_900308
900309,10009,ARTICLE,bench_article_900309
900310,10010,VIDEO,bench_video_900310
900311,10011,ARTICLE,bench_article_900311
900312,10012,ARTICLE,bench_article_900312
900313,10013,ARTICLE,bench_article_900313
900314,10014,ARTICLE,bench_article_900314
900315,10015,ARTICLE,bench_article_900315
900316,10016,ARTICLE,bench_article_900316
900317,10017,ARTICLE,bench_article_900317
900318,10018,ARTICLE,bench_article_900318
900319,10019,ARTICLE,bench_article_900319
900320,10020,VIDEO,bench_video_900320
900321,10021,ARTICLE,bench_article_900321
900322,10022,ARTICLE,bench_article_900322
900323,10023,ARTICLE,bench_article_900323
900324,10024,ARTICLE,bench_article_900324
900325,10025,ARTICLE,bench_article_900325
900326,10026,ARTICLE,bench_article_900326
900327,10027,ARTICLE,bench_article_900327
900328,10028,ARTICLE,bench_article_900328
900329,10029,ARTICLE,bench_article_900329
900330,10030,VIDEO,bench_video_900330
900331,10031,ARTICLE,bench_article_900331
900332,10032,ARTICLE,bench_article_900332
900333,10033,ARTICLE,bench_article_900333
900334,10034,ARTICLE,bench_article_900334
900335,10035,ARTICLE,bench_article_900335
900336,10036,ARTICLE,bench_article_900336
900337,10037,ARTICLE,bench_article_900337
900338,10038,ARTICLE,bench_article_900338
900339,10039,ARTICLE,bench_article_900339
900340,10040,VIDEO,bench_video_900340
900341,10041,ARTICLE,bench_article_900341
900342,10042,ARTICLE,bench_article_900342
900343,10043,ARTICLE,bench_article_900343
900344,10044,ARTICLE,bench_article_900344
900345,10045,ARTICLE,bench_article_900345
900346,10046,ARTICLE,bench_article_900346
900347,10047,ARTICLE,bench_article_900347
900348,10048,ARTICLE,bench_article_900348
900349,10049,ARTICLE,bench_article_900349
900350,10050,VIDEO,bench_video_900350
900351,10051,ARTICLE,bench_article_900351
900352,10052,ARTICLE,bench_article_900352
900353,10053,ARTICLE,bench_article_900353
900354,10054,ARTICLE,bench_article_900354
900355,10055,ARTICLE,bench_article_900355
900356,10056,ARTICLE,bench_article_900356
900357,10057,ARTICLE,bench_article_900357
900358,10058,ARTICLE,bench_article_900358
900359,10059,ARTICLE,bench_article_900359
900360,10060,VIDEO,bench_video_900360
900361,10061,ARTICLE,bench_article_900361
900362,10062,ARTICLE,bench_article_900362
900363,10063,ARTICLE,bench_article_900363
900364,10064,ARTICLE,bench_article_900364
900365,10065,ARTICLE,bench_article_900365
900366,10066,ARTICLE,bench_article_900366
900367,10067,ARTICLE,bench_article_900367
900368,10068,ARTICLE,bench_article_900368
900369,10069,ARTICLE,bench_article_900369
900370,10070,VIDEO,bench_video_900370
900371,10071,ARTICLE,bench_article_900371
900372,10072,ARTICLE,bench_article_900372
900373,10073,ARTICLE,bench_article_900373
900374,10074,ARTICLE,bench_article_900374
900375,10075,ARTICLE,bench_article_900375
900376,10076,ARTICLE,bench_article_900376
900377,10077,ARTICLE,bench_article_900377
900378,10078,ARTICLE,bench_article_900378
900379,10079,ARTICLE,bench_article_900379
900380,10080,VIDEO,bench_video_900380
900381,10081,ARTICLE,bench_article_900381
900382,10082,ARTICLE,bench_article_900382
900383,10083,ARTICLE,bench_article_900383
900384,10084,ARTICLE,bench_article_900384
900385,10085,ARTICLE,bench_article_900385
900386,10086,ARTICLE,bench_article_900386
900387,10087,ARTICLE,bench_article_900387
900388,10088,ARTICLE,bench_article_900388
900389,10089,ARTICLE,bench_article_900389
900390,10090,VIDEO,bench_video_900390
900391,10091,ARTICLE,bench_article_900391
900392,10092,ARTICLE,bench_article_900392
900393,10093,ARTICLE,bench_article_900393
900394,10094,ARTICLE,bench_article_900394
900395,10095,ARTICLE,bench_article_900395
900396,10096,ARTICLE,bench_article_900396
900397,10097,ARTICLE,bench_article_900397
900398,10098,ARTICLE,bench_article_900398
900399,10099,ARTICLE,bench_article_900399
900400,10100,VIDEO,bench_video_900400
900401,10001,ARTICLE,bench_article_900401
900402,10002,ARTICLE,bench_article_900402
900403,10003,ARTICLE,bench_article_900403
900404,10004,ARTICLE,bench_article_900404
900405,10005,ARTICLE,bench_article_900405
900406,10006,ARTICLE,bench_article_900406
900407,10007,ARTICLE,bench_article_900407
900408,10008,ARTICLE,bench_article_900408
900409,10009,ARTICLE,bench_article_900409
900410,10010,VIDEO,bench_video_900410
900411,10011,ARTICLE,bench_article_900411
900412,10012,ARTICLE,bench_article_900412
900413,10013,ARTICLE,bench_article_900413
900414,10014,ARTICLE,bench_article_900414
900415,10015,ARTICLE,bench_article_900415
900416,10016,ARTICLE,bench_article_900416
900417,10017,ARTICLE,bench_article_900417
900418,10018,ARTICLE,bench_article_900418
900419,10019,ARTICLE,bench_article_900419
900420,10020,VIDEO,bench_video_900420
900421,10021,ARTICLE,bench_article_900421
900422,10022,ARTICLE,bench_article_900422
900423,10023,ARTICLE,bench_article_900423
900424,10024,ARTICLE,bench_article_900424
900425,10025,ARTICLE,bench_article_900425
900426,10026,ARTICLE,bench_article_900426
900427,10027,ARTICLE,bench_article_900427
900428,10028,ARTICLE,bench_article_900428
900429,10029,ARTICLE,bench_article_900429
900430,10030,VIDEO,bench_video_900430
900431,10031,ARTICLE,bench_article_900431
900432,10032,ARTICLE,bench_article_900432
900433,10033,ARTICLE,bench_article_900433
900434,10034,ARTICLE,bench_article_900434
900435,10035,ARTICLE,bench_article_900435
900436,10036,ARTICLE,bench_article_900436
900437,10037,ARTICLE,bench_article_900437
900438,10038,ARTICLE,bench_article_900438
900439,10039,ARTICLE,bench_article_900439
900440,10040,VIDEO,bench_video_900440
900441,10041,ARTICLE,bench_article_900441
900442,10042,ARTICLE,bench_article_900442
900443,10043,ARTICLE,bench_article_900443
900444,10044,ARTICLE,bench_article_900444
900445,10045,ARTICLE,bench_article_900445
900446,10046,ARTICLE,bench_article_900446
900447,10047,ARTICLE,bench_article_900447
900448,10048,ARTICLE,bench_article_900448
900449,10049,ARTICLE,bench_article_900449
900450,10050,VIDEO,bench_video_900450
900451,10051,ARTICLE,bench_article_900451
900452,10052,ARTICLE,bench_article_900452
900453,10053,ARTICLE,bench_article_900453
900454,10054,ARTICLE,bench_article_900454
900455,10055,ARTICLE,bench_article_900455
900456,10056,ARTICLE,bench_article_900456
900457,10057,ARTICLE,bench_article_900457
900458,10058,ARTICLE,bench_article_900458
900459,10059,ARTICLE,bench_article_900459
900460,10060,VIDEO,bench_video_900460
900461,10061,ARTICLE,bench_article_900461
900462,10062,ARTICLE,bench_article_900462
900463,10063,ARTICLE,bench_article_900463
900464,10064,ARTICLE,bench_article_900464
900465,10065,ARTICLE,bench_article_900465
900466,10066,ARTICLE,bench_article_900466
900467,10067,ARTICLE,bench_article_900467
900468,10068,ARTICLE,bench_article_900468
900469,10069,ARTICLE,bench_article_900469
900470,10070,VIDEO,bench_video_900470
900471,10071,ARTICLE,bench_article_900471
900472,10072,ARTICLE,bench_article_900472
900473,10073,ARTICLE,bench_article_900473
900474,10074,ARTICLE,bench_article_900474
900475,10075,ARTICLE,bench_article_900475
900476,10076,ARTICLE,bench_article_900476
900477,10077,ARTICLE,bench_article_900477
900478,10078,ARTICLE,bench_article_900478
900479,10079,ARTICLE,bench_article_900479
900480,10080,VIDEO,bench_video_900480
900481,10081,ARTICLE,bench_article_900481
900482,10082,ARTICLE,bench_article_900482
900483,10083,ARTICLE,bench_article_900483
900484,10084,ARTICLE,bench_article_900484
900485,10085,ARTICLE,bench_article_900485
900486,10086,ARTICLE,bench_article_900486
900487,10087,ARTICLE,bench_article_900487
900488,10088,ARTICLE,bench_article_900488
900489,10089,ARTICLE,bench_article_900489
900490,10090,VIDEO,bench_video_900490
900491,10091,ARTICLE,bench_article_900491
900492,10092,ARTICLE,bench_article_900492
900493,10093,ARTICLE,bench_article_900493
900494,10094,ARTICLE,bench_article_900494
900495,10095,ARTICLE,bench_article_900495
900496,10096,ARTICLE,bench_article_900496
900497,10097,ARTICLE,bench_article_900497
900498,10098,ARTICLE,bench_article_900498
900499,10099,ARTICLE,bench_article_900499
900500,10100,VIDEO,bench_video_900500
900501,10001,ARTICLE,bench_article_900501
900502,10002,ARTICLE,bench_article_900502
900503,10003,ARTICLE,bench_article_900503
900504,10004,ARTICLE,bench_article_900504
900505,10005,ARTICLE,bench_article_900505
900506,10006,ARTICLE,bench_article_900506
900507,10007,ARTICLE,bench_article_900507
900508,10008,ARTICLE,bench_article_900508
900509,10009,ARTICLE,bench_article_900509
900510,10010,VIDEO,bench_video_900510
900511,10011,ARTICLE,bench_article_900511
900512,10012,ARTICLE,bench_article_900512
900513,10013,ARTICLE,bench_article_900513
900514,10014,ARTICLE,bench_article_900514
900515,10015,ARTICLE,bench_article_900515
900516,10016,ARTICLE,bench_article_900516
900517,10017,ARTICLE,bench_article_900517
900518,10018,ARTICLE,bench_article_900518
900519,10019,ARTICLE,bench_article_900519
900520,10020,VIDEO,bench_video_900520
900521,10021,ARTICLE,bench_article_900521
900522,10022,ARTICLE,bench_article_900522
900523,10023,ARTICLE,bench_article_900523
900524,10024,ARTICLE,bench_article_900524
900525,10025,ARTICLE,bench_article_900525
900526,10026,ARTICLE,bench_article_900526
900527,10027,ARTICLE,bench_article_900527
900528,10028,ARTICLE,bench_article_900528
900529,10029,ARTICLE,bench_article_900529
900530,10030,VIDEO,bench_video_900530
900531,10031,ARTICLE,bench_article_900531
900532,10032,ARTICLE,bench_article_900532
900533,10033,ARTICLE,bench_article_900533
900534,10034,ARTICLE,bench_article_900534
900535,10035,ARTICLE,bench_article_900535
900536,10036,ARTICLE,bench_article_900536
900537,10037,ARTICLE,bench_article_900537
900538,10038,ARTICLE,bench_article_900538
900539,10039,ARTICLE,bench_article_900539
900540,10040,VIDEO,bench_video_900540
900541,10041,ARTICLE,bench_article_900541
900542,10042,ARTICLE,bench_article_900542
900543,10043,ARTICLE,bench_article_900543
900544,10044,ARTICLE,bench_article_900544
900545,10045,ARTICLE,bench_article_900545
900546,10046,ARTICLE,bench_article_900546
900547,10047,ARTICLE,bench_article_900547
900548,10048,ARTICLE,bench_article_900548
900549,10049,ARTICLE,bench_article_900549
900550,10050,VIDEO,bench_video_900550
900551,10051,ARTICLE,bench_article_900551
900552,10052,ARTICLE,bench_article_900552
900553,10053,ARTICLE,bench_article_900553
900554,10054,ARTICLE,bench_article_900554
900555,10055,ARTICLE,bench_article_900555
900556,10056,ARTICLE,bench_article_900556
900557,10057,ARTICLE,bench_article_900557
900558,10058,ARTICLE,bench_article_900558
900559,10059,ARTICLE,bench_article_900559
900560,10060,VIDEO,bench_video_900560
900561,10061,ARTICLE,bench_article_900561
900562,10062,ARTICLE,bench_article_900562
900563,10063,ARTICLE,bench_article_900563
900564,10064,ARTICLE,bench_article_900564
900565,10065,ARTICLE,bench_article_900565
900566,10066,ARTICLE,bench_article_900566
900567,10067,ARTICLE,bench_article_900567
900568,10068,ARTICLE,bench_article_900568
900569,10069,ARTICLE,bench_article_900569
900570,10070,VIDEO,bench_video_900570
900571,10071,ARTICLE,bench_article_900571
900572,10072,ARTICLE,bench_article_900572
900573,10073,ARTICLE,bench_article_900573
900574,10074,ARTICLE,bench_article_900574
900575,10075,ARTICLE,bench_article_900575
900576,10076,ARTICLE,bench_article_900576
900577,10077,ARTICLE,bench_article_900577
900578,10078,ARTICLE,bench_article_900578
900579,10079,ARTICLE,bench_article_900579
900580,10080,VIDEO,bench_video_900580
900581,10081,ARTICLE,bench_article_900581
900582,10082,ARTICLE,bench_article_900582
900583,10083,ARTICLE,bench_article_900583
900584,10084,ARTICLE,bench_article_900584
900585,10085,ARTICLE,bench_article_900585
900586,10086,ARTICLE,bench_article_900586
900587,10087,ARTICLE,bench_article_900587
900588,10088,ARTICLE,bench_article_900588
900589,10089,ARTICLE,bench_article_900589
900590,10090,VIDEO,bench_video_900590
900591,10091,ARTICLE,bench_article_900591
900592,10092,ARTICLE,bench_article_900592
900593,10093,ARTICLE,bench_article_900593
900594,10094,ARTICLE,bench_article_900594
900595,10095,ARTICLE,bench_article_900595
900596,10096,ARTICLE,bench_article_900596
900597,10097,ARTICLE,bench_article_900597
900598,10098,ARTICLE,bench_article_900598
900599,10099,ARTICLE,bench_article_900599
900600,10100,VIDEO,bench_video_900600
900601,10001,ARTICLE,bench_article_900601
900602,10002,ARTICLE,bench_article_900602
900603,10003,ARTICLE,bench_article_900603
900604,10004,ARTICLE,bench_article_900604
900605,10005,ARTICLE,bench_article_900605
900606,10006,ARTICLE,bench_article_900606
900607,10007,ARTICLE,bench_article_900607
900608,10008,ARTICLE,bench_article_900608
900609,10009,ARTICLE,bench_article_900609
900610,10010,VIDEO,bench_video_900610
900611,10011,ARTICLE,bench_article_900611
900612,10012,ARTICLE,bench_article_900612
900613,10013,ARTICLE,bench_article_900613
900614,10014,ARTICLE,bench_article_900614
900615,10015,ARTICLE,bench_article_900615
900616,10016,ARTICLE,bench_article_900616
900617,10017,ARTICLE,bench_article_900617
900618,10018,ARTICLE,bench_article_900618
900619,10019,ARTICLE,bench_article_900619
900620,10020,VIDEO,bench_video_900620
900621,10021,ARTICLE,bench_article_900621
900622,10022,ARTICLE,bench_article_900622
900623,10023,ARTICLE,bench_article_900623
900624,10024,ARTICLE,bench_article_900624
900625,10025,ARTICLE,bench_article_900625
900626,10026,ARTICLE,bench_article_900626
900627,10027,ARTICLE,bench_article_900627
900628,10028,ARTICLE,bench_article_900628
900629,10029,ARTICLE,bench_article_900629
900630,10030,VIDEO,bench_video_900630
900631,10031,ARTICLE,bench_article_900631
900632,10032,ARTICLE,bench_article_900632
900633,10033,ARTICLE,bench_article_900633
900634,10034,ARTICLE,bench_article_900634
900635,10035,ARTICLE,bench_article_900635
900636,10036,ARTICLE,bench_article_900636
900637,10037,ARTICLE,bench_article_900637
900638,10038,ARTICLE,bench_article_900638
900639,10039,ARTICLE,bench_article_900639
900640,10040,VIDEO,bench_video_900640
900641,10041,ARTICLE,bench_article_900641
900642,10042,ARTICLE,bench_article_900642
900643,10043,ARTICLE,bench_article_900643
900644,10044,ARTICLE,bench_article_900644
900645,10045,ARTICLE,bench_article_900645
900646,10046,ARTICLE,bench_article_900646
900647,10047,ARTICLE,bench_article_900647
900648,10048,ARTICLE,bench_article_900648
900649,10049,ARTICLE,bench_article_900649
900650,10050,VIDEO,bench_video_900650
900651,10051,ARTICLE,bench_article_900651
900652,10052,ARTICLE,bench_article_900652
900653,10053,ARTICLE,bench_article_900653
900654,10054,ARTICLE,bench_article_900654
900655,10055,ARTICLE,bench_article_900655
900656,10056,ARTICLE,bench_article_900656
900657,10057,ARTICLE,bench_article_900657
900658,10058,ARTICLE,bench_article_900658
900659,10059,ARTICLE,bench_article_900659
900660,10060,VIDEO,bench_video_900660
900661,10061,ARTICLE,bench_article_900661
900662,10062,ARTICLE,bench_article_900662
900663,10063,ARTICLE,bench_article_900663
900664,10064,ARTICLE,bench_article_900664
900665,10065,ARTICLE,bench_article_900665
900666,10066,ARTICLE,bench_article_900666
900667,10067,ARTICLE,bench_article_900667
900668,10068,ARTICLE,bench_article_900668
900669,10069,ARTICLE,bench_article_900669
900670,10070,VIDEO,bench_video_900670
900671,10071,ARTICLE,bench_article_900671
900672,10072,ARTICLE,bench_article_900672
900673,10073,ARTICLE,bench_article_900673
900674,10074,ARTICLE,bench_article_900674
900675,10075,ARTICLE,bench_article_900675
900676,10076,ARTICLE,bench_article_900676
900677,10077,ARTICLE,bench_article_900677
900678,10078,ARTICLE,bench_article_900678
900679,10079,ARTICLE,bench_article_900679
900680,10080,VIDEO,bench_video_900680
900681,10081,ARTICLE,bench_article_900681
900682,10082,ARTICLE,bench_article_900682
900683,10083,ARTICLE,bench_article_900683
900684,10084,ARTICLE,bench_article_900684
900685,10085,ARTICLE,bench_article_900685
900686,10086,ARTICLE,bench_article_900686
900687,10087,ARTICLE,bench_article_900687
900688,10088,ARTICLE,bench_article_900688
900689,10089,ARTICLE,bench_article_900689
900690,10090,VIDEO,bench_video_900690
900691,10091,ARTICLE,bench_article_900691
900692,10092,ARTICLE,bench_article_900692
900693,10093,ARTICLE,bench_article_900693
900694,10094,ARTICLE,bench_article_900694
900695,10095,ARTICLE,bench_article_900695
900696,10096,ARTICLE,bench_article_900696
900697,10097,ARTICLE,bench_article_900697
900698,10098,ARTICLE,bench_article_900698
900699,10099,ARTICLE,bench_article_900699
900700,10100,VIDEO,bench_video_900700
900701,10001,ARTICLE,bench_article_900701
900702,10002,ARTICLE,bench_article_900702
900703,10003,ARTICLE,bench_article_900703
900704,10004,ARTICLE,bench_article_900704
900705,10005,ARTICLE,bench_article_900705
900706,10006,ARTICLE,bench_article_900706
900707,10007,ARTICLE,bench_article_900707
900708,10008,ARTICLE,bench_article_900708
900709,10009,ARTICLE,bench_article_900709
900710,10010,VIDEO,bench_video_900710
900711,10011,ARTICLE,bench_article_900711
900712,10012,ARTICLE,bench_article_900712
900713,10013,ARTICLE,bench_article_900713
900714,10014,ARTICLE,bench_article_900714
900715,10015,ARTICLE,bench_article_900715
900716,10016,ARTICLE,bench_article_900716
900717,10017,ARTICLE,bench_article_900717
900718,10018,ARTICLE,bench_article_900718
900719,10019,ARTICLE,bench_article_900719
900720,10020,VIDEO,bench_video_900720
900721,10021,ARTICLE,bench_article_900721
900722,10022,ARTICLE,bench_article_900722
900723,10023,ARTICLE,bench_article_900723
900724,10024,ARTICLE,bench_article_900724
900725,10025,ARTICLE,bench_article_900725
900726,10026,ARTICLE,bench_article_900726
900727,10027,ARTICLE,bench_article_900727
900728,10028,ARTICLE,bench_article_900728
900729,10029,ARTICLE,bench_article_900729
900730,10030,VIDEO,bench_video_900730
900731,10031,ARTICLE,bench_article_900731
900732,10032,ARTICLE,bench_article_900732
900733,10033,ARTICLE,bench_article_900733
900734,10034,ARTICLE,bench_article_900734
900735,10035,ARTICLE,bench_article_900735
900736,10036,ARTICLE,bench_article_900736
900737,10037,ARTICLE,bench_article_900737
900738,10038,ARTICLE,bench_article_900738
900739,10039,ARTICLE,bench_article_900739
900740,10040,VIDEO,bench_video_900740
900741,10041,ARTICLE,bench_article_900741
900742,10042,ARTICLE,bench_article_900742
900743,10043,ARTICLE,bench_article_900743
900744,10044,ARTICLE,bench_article_900744
900745,10045,ARTICLE,bench_article_900745
900746,10046,ARTICLE,bench_article_900746
900747,10047,ARTICLE,bench_article_900747
900748,10048,ARTICLE,bench_article_900748
900749,10049,ARTICLE,bench_article_900749
900750,10050,VIDEO,bench_video_900750
900751,10051,ARTICLE,bench_article_900751
900752,10052,ARTICLE,bench_article_900752
900753,10053,ARTICLE,bench_article_900753
900754,10054,ARTICLE,bench_article_900754
900755,10055,ARTICLE,bench_article_900755
900756,10056,ARTICLE,bench_article_900756
900757,10057,ARTICLE,bench_article_900757
900758,10058,ARTICLE,bench_article_900758
900759,10059,ARTICLE,bench_article_900759
900760,10060,VIDEO,bench_video_900760
900761,10061,ARTICLE,bench_article_900761
900762,10062,ARTICLE,bench_article_900762
900763,10063,ARTICLE,bench_article_900763
900764,10064,ARTICLE,bench_article_900764
900765,10065,ARTICLE,bench_article_900765
900766,10066,ARTICLE,bench_article_900766
900767,10067,ARTICLE,bench_article_900767
900768,10068,ARTICLE,bench_article_900768
900769,10069,ARTICLE,bench_article_900769
900770,10070,VIDEO,bench_video_900770
900771,10071,ARTICLE,bench_article_900771
900772,10072,ARTICLE,bench_article_900772
900773,10073,ARTICLE,bench_article_900773
900774,10074,ARTICLE,bench_article_900774
900775,10075,ARTICLE,bench_article_900775
900776,10076,ARTICLE,bench_article_900776
900777,10077,ARTICLE,bench_article_900777
900778,10078,ARTICLE,bench_article_900778
900779,10079,ARTICLE,bench_article_900779
900780,10080,VIDEO,bench_video_900780
900781,10081,ARTICLE,bench_article_900781
900782,10082,ARTICLE,bench_article_900782
900783,10083,ARTICLE,bench_article_900783
900784,10084,ARTICLE,bench_article_900784
900785,10085,ARTICLE,bench_article_900785
900786,10086,ARTICLE,bench_article_900786
900787,10087,ARTICLE,bench_article_900787
900788,10088,ARTICLE,bench_article_900788
900789,10089,ARTICLE,bench_article_900789
900790,10090,VIDEO,bench_video_900790
900791,10091,ARTICLE,bench_article_900791
900792,10092,ARTICLE,bench_article_900792
900793,10093,ARTICLE,bench_article_900793
900794,10094,ARTICLE,bench_article_900794
900795,10095,ARTICLE,bench_article_900795
900796,10096,ARTICLE,bench_article_900796
900797,10097,ARTICLE,bench_article_900797
900798,10098,ARTICLE,bench_article_900798
900799,10099,ARTICLE,bench_article_900799
900800,10100,VIDEO,bench_video_900800
900801,10001,ARTICLE,bench_article_900801
900802,10002,ARTICLE,bench_article_900802
900803,10003,ARTICLE,bench_article_900803
900804,10004,ARTICLE,bench_article_900804
900805,10005,ARTICLE,bench_article_900805
900806,10006,ARTICLE,bench_article_900806
900807,10007,ARTICLE,bench_article_900807
900808,10008,ARTICLE,bench_article_900808
900809,10009,ARTICLE,bench_article_900809
900810,10010,VIDEO,bench_video_900810
900811,10011,ARTICLE,bench_article_900811
900812,10012,ARTICLE,bench_article_900812
900813,10013,ARTICLE,bench_article_900813
900814,10014,ARTICLE,bench_article_900814
900815,10015,ARTICLE,bench_article_900815
900816,10016,ARTICLE,bench_article_900816
900817,10017,ARTICLE,bench_article_900817
900818,10018,ARTICLE,bench_article_900818
900819,10019,ARTICLE,bench_article_900819
900820,10020,VIDEO,bench_video_900820
900821,10021,ARTICLE,bench_article_900821
900822,10022,ARTICLE,bench_article_900822
900823,10023,ARTICLE,bench_article_900823
900824,10024,ARTICLE,bench_article_900824
900825,10025,ARTICLE,bench_article_900825
900826,10026,ARTICLE,bench_article_900826
900827,10027,ARTICLE,bench_article_900827
900828,10028,ARTICLE,bench_article_900828
900829,10029,ARTICLE,bench_article_900829
900830,10030,VIDEO,bench_video_900830
900831,10031,ARTICLE,bench_article_900831
900832,10032,ARTICLE,bench_article_900832
900833,10033,ARTICLE,bench_article_900833
900834,10034,ARTICLE,bench_article_900834
900835,10035,ARTICLE,bench_article_900835
900836,10036,ARTICLE,bench_article_900836
900837,10037,ARTICLE,bench_article_900837
900838,10038,ARTICLE,bench_article_900838
900839,10039,ARTICLE,bench_article_900839
900840,10040,VIDEO,bench_video_900840
900841,10041,ARTICLE,bench_article_900841
900842,10042,ARTICLE,bench_article_900842
900843,10043,ARTICLE,bench_article_900843
900844,10044,ARTICLE,bench_article_900844
900845,10045,ARTICLE,bench_article_900845
900846,10046,ARTICLE,bench_article_900846
900847,10047,ARTICLE,bench_article_900847
900848,10048,ARTICLE,bench_article_900848
900849,10049,ARTICLE,bench_article_900849
900850,10050,VIDEO,bench_video_900850
900851,10051,ARTICLE,bench_article_900851
900852,10052,ARTICLE,bench_article_900852
900853,10053,ARTICLE,bench_article_900853
900854,10054,ARTICLE,bench_article_900854
900855,10055,ARTICLE,bench_article_900855
900856,10056,ARTICLE,bench_article_900856
900857,10057,ARTICLE,bench_article_900857
900858,10058,ARTICLE,bench_article_900858
900859,10059,ARTICLE,bench_article_900859
900860,10060,VIDEO,bench_video_900860
900861,10061,ARTICLE,bench_article_900861
900862,10062,ARTICLE,bench_article_900862
900863,10063,ARTICLE,bench_article_900863
900864,10064,ARTICLE,bench_article_900864
900865,10065,ARTICLE,bench_article_900865
900866,10066,ARTICLE,bench_article_900866
900867,10067,ARTICLE,bench_article_900867
900868,10068,ARTICLE,bench_article_900868
900869,10069,ARTICLE,bench_article_900869
900870,10070,VIDEO,bench_video_900870
900871,10071,ARTICLE,bench_article_900871
900872,10072,ARTICLE,bench_article_900872
900873,10073,ARTICLE,bench_article_900873
900874,10074,ARTICLE,bench_article_900874
900875,10075,ARTICLE,bench_article_900875
900876,10076,ARTICLE,bench_article_900876
900877,10077,ARTICLE,bench_article_900877
900878,10078,ARTICLE,bench_article_900878
900879,10079,ARTICLE,bench_article_900879
900880,10080,VIDEO,bench_video_900880
900881,10081,ARTICLE,bench_article_900881
900882,10082,ARTICLE,bench_article_900882
900883,10083,ARTICLE,bench_article_900883
900884,10084,ARTICLE,bench_article_900884
900885,10085,ARTICLE,bench_article_900885
900886,10086,ARTICLE,bench_article_900886
900887,10087,ARTICLE,bench_article_900887
900888,10088,ARTICLE,bench_article_900888
900889,10089,ARTICLE,bench_article_900889
900890,10090,VIDEO,bench_video_900890
900891,10091,ARTICLE,bench_article_900891
900892,10092,ARTICLE,bench_article_900892
900893,10093,ARTICLE,bench_article_900893
900894,10094,ARTICLE,bench_article_900894
900895,10095,ARTICLE,bench_article_900895
900896,10096,ARTICLE,bench_article_900896
900897,10097,ARTICLE,bench_article_900897
900898,10098,ARTICLE,bench_article_900898
900899,10099,ARTICLE,bench_article_900899
900900,10100,VIDEO,bench_video_900900
900901,10001,ARTICLE,bench_article_900901
900902,10002,ARTICLE,bench_article_900902
900903,10003,ARTICLE,bench_article_900903
900904,10004,ARTICLE,bench_article_900904
900905,10005,ARTICLE,bench_article_900905
900906,10006,ARTICLE,bench_article_900906
900907,10007,ARTICLE,bench_article_900907
900908,10008,ARTICLE,bench_article_900908
900909,10009,ARTICLE,bench_article_900909
900910,10010,VIDEO,bench_video_900910
900911,10011,ARTICLE,bench_article_900911
900912,10012,ARTICLE,bench_article_900912
900913,10013,ARTICLE,bench_article_900913
900914,10014,ARTICLE,bench_article_900914
900915,10015,ARTICLE,bench_article_900915
900916,10016,ARTICLE,bench_article_900916
900917,10017,ARTICLE,bench_article_900917
900918,10018,ARTICLE,bench_article_900918
900919,10019,ARTICLE,bench_article_900919
900920,10020,VIDEO,bench_video_900920
900921,10021,ARTICLE,bench_article_900921
900922,10022,ARTICLE,bench_article_900922
900923,10023,ARTICLE,bench_article_900923
900924,10024,ARTICLE,bench_article_900924
900925,10025,ARTICLE,bench_article_900925
900926,10026,ARTICLE,bench_article_900926
900927,10027,ARTICLE,bench_article_900927
900928,10028,ARTICLE,bench_article_900928
900929,10029,ARTICLE,bench_article_900929
900930,10030,VIDEO,bench_video_900930
900931,10031,ARTICLE,bench_article_900931
900932,10032,ARTICLE,bench_article_900932
900933,10033,ARTICLE,bench_article_900933
900934,10034,ARTICLE,bench_article_900934
900935,10035,ARTICLE,bench_article_900935
900936,10036,ARTICLE,bench_article_900936
900937,10037,ARTICLE,bench_article_900937
900938,10038,ARTICLE,bench_article_900938
900939,10039,ARTICLE,bench_article_900939
900940,10040,VIDEO,bench_video_900940
900941,10041,ARTICLE,bench_article_900941
900942,10042,ARTICLE,bench_article_900942
900943,10043,ARTICLE,bench_article_900943
900944,10044,ARTICLE,bench_article_900944
900945,10045,ARTICLE,bench_article_900945
900946,10046,ARTICLE,bench_article_900946
900947,10047,ARTICLE,bench_article_900947
900948,10048,ARTICLE,bench_article_900948
900949,10049,ARTICLE,bench_article_900949
900950,10050,VIDEO,bench_video_900950
900951,10051,ARTICLE,bench_article_900951
900952,10052,ARTICLE,bench_article_900952
900953,10053,ARTICLE,bench_article_900953
900954,10054,ARTICLE,bench_article_900954
900955,10055,ARTICLE,bench_article_900955
900956,10056,ARTICLE,bench_article_900956
900957,10057,ARTICLE,bench_article_900957
900958,10058,ARTICLE,bench_article_900958
900959,10059,ARTICLE,bench_article_900959
900960,10060,VIDEO,bench_video_900960
900961,10061,ARTICLE,bench_article_900961
900962,10062,ARTICLE,bench_article_900962
900963,10063,ARTICLE,bench_article_900963
900964,10064,ARTICLE,bench_article_900964
900965,10065,ARTICLE,bench_article_900965
900966,10066,ARTICLE,bench_article_900966
900967,10067,ARTICLE,bench_article_900967
900968,10068,ARTICLE,bench_article_900968
900969,10069,ARTICLE,bench_article_900969
900970,10070,VIDEO,bench_video_900970
900971,10071,ARTICLE,bench_article_900971
900972,10072,ARTICLE,bench_article_900972
900973,10073,ARTICLE,bench_article_900973
900974,10074,ARTICLE,bench_article_900974
900975,10075,ARTICLE,bench_article_900975
900976,10076,ARTICLE,bench_article_900976
900977,10077,ARTICLE,bench_article_900977
900978,10078,ARTICLE,bench_article_900978
900979,10079,ARTICLE,bench_article_900979
900980,10080,VIDEO,bench_video_900980
900981,10081,ARTICLE,bench_article_900981
900982,10082,ARTICLE,bench_article_900982
900983,10083,ARTICLE,bench_article_900983
900984,10084,ARTICLE,bench_article_900984
900985,10085,ARTICLE,bench_article_900985
900986,10086,ARTICLE,bench_article_900986
900987,10087,ARTICLE,bench_article_900987
900988,10088,ARTICLE,bench_article_900988
900989,10089,ARTICLE,bench_article_900989
900990,10090,VIDEO,bench_video_900990
900991,10091,ARTICLE,bench_article_900991
900992,10092,ARTICLE,bench_article_900992
900993,10093,ARTICLE,bench_article_900993
900994,10094,ARTICLE,bench_article_900994
900995,10095,ARTICLE,bench_article_900995
900996,10096,ARTICLE,bench_article_900996
900997,10097,ARTICLE,bench_article_900997
900998,10098,ARTICLE,bench_article_900998
900999,10099,ARTICLE,bench_article_900999
901000,10100,VIDEO,bench_video_901000
